u,v,shoulder_pan,shoulder_lift,elbow_flex,wrist_flex,wrist_roll
552,508,-10.55,-71.89,95.27,13.36,22.68
674,466,4.04,-46.05,83.85,10.55,22.76
841,474,18.63,-41.22,87.36,-8.96,22.59
557,414,-9.4,-26.46,77.08,-10.46,22.68
662,415,-0.18,-30.59,79.89,-9.14,22.85
859,419,16.52,-25.14,74.97,-8.88,22.68
549,354,-7.21,-16.61,66.09,-8.88,22.68
667,358,2.37,-16.7,66.27,-8.88,22.68
789,366,10.9,-16.35,67.15,-8.96,22.68
547,299,-6.06,-5.98,57.04,-9.23,22.59
671,300,3.34,-6.5,58.27,-9.05,22.68
857,305,13.71,0.97,60.73,-26.28,22.68
545,245,-8.09,7.91,52.21,-26.19,22.68
669,250,-0.09,4.66,55.99,-26.1,22.68
856,256,11.78,6.94,52.56,-26.19,22.76
